"","Previous30Precip","Tmin..F.","Discharge_CFS","Stage","NinXTS","TOD","ACO_Numeric","DistFromSonoita","ecoli_235","ecoli_575"
"5",0,38,14,2,-1,1,9,18000,0,0
"6",0.2,34,18.6,4,-0.9,1,9,18000,0,0
"7",0.02,33,16.8,4,-1,1,9,18000,0,0
"8",3.18,69,23.9,4,-0.1,1,6,18000,1,1
"11",3.07,66,14.6,4,-0.8,1,9,18000,1,1
"12",4.91,69,86.8,4,-0.5,1,9,18000,1,1
"13",0.02,47,17.3,4,0.5,1,9,18000,0,0
"15",0,45,5.19,2,0.3,1,9,18000,0,0
"22",0,38,4.9,2,-0.6,4,4,13200,0,0
"23",1.65,20,23.1,4,-0.3,1,4,13200,1,1
"24",0,46,1.76,1,0.4,1,5,13200,0,0
"25",0,43,6.32,2,0.9,2,4,13200,0,0
"27",1.06,37,23.1,4,0.7,1,9,13200,0,0
"29",0.33,33,4.6,2,0.7,1,4,13200,0,0
"30",0.73,29,23.1,3,0.7,1,9,13200,1,1
"32",0.51,41,8.05,2,0.2,1,4,13200,0,0
"33",0.02,47,18.3,3,0.5,1,9,13200,1,0
"34",0.14,22,9.21,2,-0.7,1,5,13200,0,0
"35",1.65,20,23.1,4,-0.3,1,4,13200,1,1
"36",0.87,41,15.2,4,-0.2,1,5,13200,0,0
"37",0.16,38,5.58,2,1,1,2,13200,0,0
"38",2.64,67,45.2,3,-0.1,1,5,13200,1,1
"39",0.01,52,1.35,1,0.5,1,9,13200,0,0
"41",0,41,5.29,2,-0.7,1,4,13200,0,0
"42",0.55,31,5.11,2,-0.5,1,4,13200,0,0
"45",0.55,31,5.11,2,-0.5,1,4,13200,0,0
"46",0,37,14.4,2,-1,1,5,13200,0,0
"49",1.88,54,54.7,4,-0.7,1,9,13200,1,1
"50",0,41,5.29,2,-0.7,1,4,13200,0,0
"51",4.9,68,8.33,2,0.5,1,2,13200,1,0
"53",0,56,6.58,2,-0.7,2,4,13200,0,0
"54",0,27,12.9,2,-1.2,4,4,13200,0,0
"55",0.02,33,16.8,4,-1,1,9,13200,0,0
"56",0.2,34,18.6,4,-0.9,1,9,13200,0,0
"58",0,47,4.37,2,-0.5,2,7,13200,0,0
"60",1.27,42,26.5,4,0.4,1,9,13200,0,0
"61",0.74,58,13.8,2,0.4,1,2,13200,1,0
"63",5.98,59,26,4,2.2,1,5,13200,1,1
"64",0.42,31,13.1,2,2.1,1,5,13200,0,0
"65",0,45,5.19,2,0.3,1,9,13200,0,0
"66",0,43,6.32,2,0.9,2,4,13200,0,0
"67",0,38,14.1,2,-1,1,9,13200,0,0
"69",4.91,69,83.1,4,-0.5,1,9,13200,1,1
"71",5.09,67,118,4,-1.3,1,2,13200,1,1
"72",0.51,41,8.05,2,0.2,1,4,13200,0,0
"73",0,47,4.37,2,-0.5,2,7,13200,0,0
"74",0.4,39,1.35,1,0.3,1,5,13200,0,0
"75",0.55,68,0.52,1,1.2,1,5,13200,1,1
"76",3.54,68,14.9,4,0.2,1,5,13200,1,1
"77",3.79,32,14.7,4,1.5,1,2,13200,1,1
"78",3.07,66,14.6,4,-0.8,1,9,13200,1,1
"79",0.69,38,7.31,2,0.7,1,5,13200,0,0
"80",0,39,1.1,1,-1.1,2,1,14200,0,0
"81",5.42,67,9.06,2,-1.3,2,1,14200,1,1
"82",2.3,54,5.58,2,-1.6,2,1,14200,1,1
"83",0,50,0.92,1,-0.3,2,1,14200,0,0
"84",0.11,30,6.62,2,-0.7,2,1,14200,0,0
"85",2.1,72,7.5,2,0.6,2,1,14200,1,1
"86",0.16,49,4.28,2,1,2,1,14200,0,0
"87",0,35,10.1,2,-1.2,2,1,14200,0,0
"88",0,47,3.04,2,-0.6,2,1,14200,0,0
"89",4.01,67,1.2,1,-0.6,2,1,14200,0,0
"90",0.2,32,4.69,2,1.5,2,1,14200,0,0
"91",2.28,68,18.1,4,0.4,2,1,14200,1,1
"92",4.22,63,4.43,2,2.2,4,6,11700,1,1
"94",3.3,59,3.74,2,-0.9,4,9,13200,1,0
"95",0.86,23,22.9,3,0.5,4,9,13200,0,0
"97",1.85,32,34.3,4,0.5,4,9,13200,1,1
"98",1.27,23,27.3,4,0.5,1,9,13200,0,0
"99",0.02,39,19.7,3,-0.9,1,9,13200,0,0
"100",0.93,41,4.89,2,0.3,4,9,13200,0,0
"101",0.24,42,18.1,4,0.2,4,9,13200,0,0
"102",0.14,64,11.1,2,-0.3,4,9,13200,1,1
"103",0.8,43,23.3,3,0.2,4,9,13200,0,0
"104",0.86,60,4.57,2,-0.9,4,9,13200,0,0
"107",0.14,47,7.88,2,-0.3,4,9,13200,1,0
"109",0.2,26,24.8,3,-1,4,9,13200,0,0
"113",1.9,45,12.1,2,0.5,4,9,13200,1,1
"114",1.35,33,14.6,4,0.5,2,9,13200,0,0
"118",0.14,67,6.44,2,-0.3,4,9,13200,1,0
"119",1.55,38,30,4,0.5,4,9,13200,0,0
"123",0.02,29,20.5,4,-0.9,4,9,13200,0,0
"125",0.24,54,7.36,2,-0.1,4,9,13200,0,0
"126",0.24,47,9.76,2,-0.1,4,9,13200,0,0
"127",0,43,5.01,2,0.5,1,9,13200,0,0
"129",0.14,77,0.97,1,-0.3,4,9,13200,0,0
"130",0.71,32,25,4,-1,4,9,13200,0,0
"131",0,47,5.06,2,-0.5,1,7,1700,0,0
"133",0.01,52,1.35,1,0.5,1,9,1700,0,0
"135",5.98,59,27.2,4,2.2,1,5,1700,1,1
"136",3.79,32,13.8,2,1.5,1,2,1700,1,0
"137",2.64,67,45.2,3,-0.1,1,5,1700,1,1
"139",0,37,14.4,2,-1,1,5,1700,0,0
"141",0.14,22,9.21,2,-0.7,1,5,1700,0,0
"142",5.09,67,93.3,4,-1.3,1,2,1700,1,1
"143",1.06,37,23.9,3,0.7,1,9,1700,0,0
"144",0.16,38,5.58,2,1,1,2,1700,0,0
"145",0.55,68,0.52,1,1.2,1,5,1700,1,1
"147",0,45,4.82,2,0.3,1,9,1700,0,0
"148",0.42,31,13.1,2,2.1,1,5,1700,0,0
"150",0.69,38,7.31,2,0.7,1,5,1700,0,0
"151",4.9,68,8.33,2,0.5,1,2,1700,1,1
"153",3.07,66,13.8,2,-0.8,1,9,1700,1,0
"154",0.02,33,15.9,4,-1,1,9,1700,0,0
"155",0.74,58,14.3,2,0.4,1,2,1700,0,0
"156",0.73,29,22.2,3,0.7,1,9,1700,1,0
"157",0.02,47,17.3,4,0.5,1,9,1700,0,0
"158",0,46,1.76,1,0.4,1,5,1700,0,0
"160",3.54,68,16.3,4,0.2,1,5,1700,1,1
"161",1.27,42,25.7,4,0.4,1,9,1700,0,0
"162",4.91,69,75.9,4,-0.5,1,9,1700,1,1
"163",1.88,54,49.6,4,-0.7,1,9,1700,0,0
"165",0.2,34,17.6,4,-0.9,1,9,1700,0,0
"167",0.87,41,15.2,4,-0.2,1,5,1700,0,0
"169",0.4,39,1.03,1,0.3,2,5,1700,0,0
"170",0,38,14.1,2,-1,1,9,1700,0,0
"171",0.74,58,13.8,2,0.4,1,2,22000,0,0
"172",0.73,29,23.9,3,0.7,1,9,22000,1,1
"174",0.02,33,16.8,4,-1,1,9,22000,0,0
"175",5.09,67,138,4,-1.3,1,2,22000,1,1
"176",4.9,68,8.33,2,0.5,1,2,22000,1,1
"178",4.91,69,99.5,4,-0.5,1,9,22000,1,1
"180",1.88,54,59.9,4,-0.7,1,9,22000,0,0
"181",1.06,37,23.1,4,0.7,1,9,22000,0,0
"184",1.27,42,27.3,4,0.4,1,9,22000,0,0
"185",0.2,34,18.6,4,-0.9,1,9,22000,0,0
"188",0.16,38,5.58,2,1,1,2,22000,1,0
"189",0,47,2.57,2,-0.6,2,8,13200,0,0
"190",4.01,67,0.93,1,-0.6,2,8,13200,1,1
"191",0,39,1.29,1,-1.1,2,8,13200,0,0
"192",0.11,30,6.3,2,-0.7,2,8,13200,0,0
"193",0,50,0.75,1,-0.3,2,8,13200,0,0
"194",2.28,68,18.7,4,0.4,2,8,13200,0,0
"195",0.02,37,1.71,1,0.1,1,8,13200,0,0
"197",0,50,0,1,-0.4,1,8,13200,1,0
"198",2.06,72,1.98,1,-0.3,1,8,13200,1,1
"199",0.25,2,2.13,2,-0.5,2,8,13200,0,0
"200",0,49,0,1,0.2,1,8,13200,1,1
"201",3.7,56,8.11,2,0.2,2,8,13200,1,1
"202",0.15,14,3.48,2,0.6,2,8,13200,0,0
"203",2.54,30,9.52,2,0.5,2,8,13200,0,0
"204",3.57,71,0.59,1,1.9,2,8,13200,0,0
"205",0.55,27,14,2,2.6,2,8,13200,0,0
"206",0.42,37,15.5,4,2.1,2,8,13200,0,0
"207",0,44,1.21,1,0.4,1,8,13200,0,0
"209",1.05,46,14.4,2,-0.2,2,8,13200,0,0
"210",0.4,54,1.35,1,0.3,1,8,13200,0,0
"211",1.32,59,19.7,4,-0.1,1,8,13200,1,1
"212",0.13,42,9.83,2,-0.8,1,8,13200,0,0
"213",0,49,1.69,1,-0.2,2,8,13200,0,0
"214",3.72,70,15.2,4,0.2,1,8,13200,1,1
"215",1.49,29,20.9,4,0.9,1,8,13200,0,0
"216",0.25,25,19.7,4,0.7,2,8,13200,0,0
"219",1.55,38,29.1,4,0.5,1,8,13200,0,0
"220",0,41,8.84,2,-0.1,1,8,13200,0,0
"221",4.69,66,40.8,4,-0.6,1,8,13200,1,1
"222",0.21,38,3.06,2,-1.3,1,8,13200,1,0
"223",1.21,20,20.8,4,-0.9,1,8,13200,0,0
"224",0,42,0.5,1,-0.5,1,8,13200,0,0
"225",4.91,69,62.3,4,-0.5,1,8,13200,1,1
"226",0,39,8.22,2,-1,1,8,13200,0,0
"227",0.02,36,18.7,4,-0.9,1,8,13200,0,0
"229",3.48,63,11.2,2,0.1,1,2,1700,1,1
"231",0.56,14,5.47,2,-0.4,1,2,1700,1,0
"232",0.74,58,14.3,2,0.4,1,2,1700,0,0
"233",0.41,9,5.72,2,0.6,1,2,1700,1,1
"234",0,46,2.27,2,-0.6,1,2,1700,0,0
"236",3.79,32,13.8,2,1.5,1,2,1700,1,0
"237",1.77,38,1.22,1,-0.3,1,2,1700,0,0
"238",5.09,67,102,4,-1.3,1,2,1700,1,1
"240",0.55,40,7.66,2,-0.6,1,2,1700,0,0
"241",0.16,38,5.58,2,1,1,2,1700,0,0
"242",0.42,46,4.79,2,-0.3,1,2,1700,0,0
"243",4.9,68,8.33,2,0.5,1,2,1700,1,1
"244",2.96,63,1.61,1,-0.5,1,2,1700,1,1
"246",6.4,63,487,4,2.2,2,3,1700,1,1
"247",2.56,55,3.04,2,-0.8,1,2,1700,0,0
"248",0,31,2.77,2,-0.4,1,2,1700,0,0
"249",2.06,40,27.8,4,0.5,2,3,1700,1,0
"250",0.37,27,7.66,2,-0.7,1,2,1700,0,0
"251",2.15,72,2.88,2,-0.6,1,2,1700,1,0
"252",1.58,43,15.7,4,-1.6,1,2,1700,0,0
"253",2.93,67,3.13,2,-0.3,1,2,1700,1,1
"254",2.06,37,15.3,4,0.5,2,3,1700,0,0
"255",0,21,0.42,1,0,1,2,1700,0,0
"256",0.42,38,9.08,2,1.6,2,3,1700,0,0
"258",4.22,63,755,3,2.2,3,3,1700,1,1
"259",0.59,24,15.2,4,-1.4,1,2,1700,0,0
"261",3.54,62,22,4,0.2,1,2,1700,1,1
"262",0.13,44,7.16,2,-0.7,1,2,1700,0,0
"263",5.01,68,0.93,1,0,1,2,1700,1,1
"264",4.18,66,2.28,2,-0.4,1,2,1700,1,0
"265",3.23,68,36.2,4,-1,1,2,1700,1,1
"266",2.21,69,15.6,4,0.2,1,1,1700,1,1
"267",1.34,62,2.44,2,0.4,1,2,1700,1,0
"268",4.91,66,54.7,3,1.5,4,3,18000,1,1
"269",3.57,71,458,3,1.9,4,3,18000,1,1
"270",4.91,69,43.3,4,1.5,4,3,18000,1,1
"272",6.4,63,979,4,2.2,4,3,18000,1,1
"273",4.22,63,850,3,2.2,3,3,18000,1,1
"274",4.91,66,104,4,1.5,4,3,18000,1,1
"275",4.22,63,1250,3,2.2,4,3,18000,1,1
"277",6.4,63,245,4,2.2,3,3,18000,1,1
"278",4.91,66,0.65,1,1.5,4,3,18000,1,1
"279",3.62,66,666,3,1.9,4,3,18000,1,1
"281",5.73,66,12.6,2,1.5,2,3,18000,1,1
"283",1.29,65,29.2,3,1.2,4,3,18000,1,1
"284",2.17,54,29.2,3,1.5,4,3,18000,1,1
"285",3.62,66,211,4,1.9,4,3,18000,1,1
"286",5.29,61,9.47,2,2.4,2,3,18000,1,1
"287",0.42,33,10.7,2,2.1,2,3,18000,0,0
"288",6.4,63,190,4,2.2,4,3,18000,1,1
"290",4.79,71,1.41,1,1.5,3,3,18000,1,1
"291",3.62,66,608,4,1.9,4,3,18000,1,1
"293",6.4,63,1010,4,2.2,1,3,18000,1,1
"294",2.46,71,71.6,4,-0.4,4,3,18000,1,1
"295",4.22,63,1120,3,2.2,4,3,18000,1,1
"296",3.62,66,623,3,1.9,4,3,18000,1,1
"297",0.29,47,18.1,4,2.5,4,3,18000,0,0
"298",3.62,66,687,3,1.9,4,3,18000,1,1
"299",0.14,34,12,2,-0.6,1,3,18000,0,0
"300",3.62,66,170,4,1.9,4,3,18000,1,1
"301",6.4,63,1250,3,2.2,4,3,18000,1,1
"302",0.14,34,12,2,-0.6,1,3,18000,0,0
"303",2.46,71,66.4,3,-0.4,4,3,18000,1,1
"304",4.8,71,170,3,1.5,4,3,18000,1,1
"305",0.14,34,12.7,2,-0.6,4,3,18000,1,0
"306",2.17,54,0.71,1,1.5,2,3,18000,1,1
"307",0,39,13.1,2,1.6,4,3,18000,0,0
"309",2.46,71,56.6,4,-0.4,1,3,18000,1,1
"311",4.91,66,94.7,3,1.5,4,3,18000,1,1
"312",4.22,63,179,3,2.2,2,3,18000,1,1
"313",4.22,63,884,4,2.2,3,3,18000,1,1
"314",3.62,66,414,4,1.9,4,3,18000,1,1
"315",0.14,34,12,2,-0.6,1,3,18000,0,0
"316",6.08,59,69.5,4,2.2,1,3,18000,1,1
"318",4.91,66,106,3,1.5,4,3,18000,1,1
"319",0.9,55,7.31,2,0.5,3,3,18000,0,0
"320",5.73,66,285,3,1.5,4,3,18000,1,1
"321",3.57,71,549,3,1.9,4,3,18000,1,1
"323",3.62,66,699,3,1.9,4,3,18000,1,1
"324",0.14,32,4.92,2,-0.6,3,3,18000,0,0
"327",2.46,68,0.53,1,-0.4,2,3,18000,1,1
"329",2.17,54,0.71,1,1.5,2,3,18000,1,1
"330",2.17,54,0.71,1,1.5,3,3,18000,1,1
"331",5.73,66,60.4,4,1.5,1,3,18000,1,1
"332",2.46,71,72.7,3,-0.4,4,3,18000,1,1
"333",4.22,63,1010,3,2.2,3,3,18000,1,1
"334",4.91,69,57.5,4,1.5,4,3,18000,1,1
"335",3.62,66,101,4,1.9,4,3,18000,1,1
"336",4.22,63,31.2,3,2.2,2,3,18000,1,1
"337",4.95,72,27.9,4,1.5,1,3,18000,1,1
"338",5.73,66,272,4,1.5,4,3,18000,1,1
"340",4.22,63,1060,3,2.2,3,3,18000,1,1
"341",6.4,63,1150,4,2.2,4,3,18000,1,1
"342",0.14,34,9.84,2,-0.6,2,3,18000,0,0
"344",4.22,63,456,3,2.2,2,3,18000,1,1
"345",5.73,66,314,3,1.5,4,3,18000,1,1
"346",2.17,54,38.6,3,1.5,4,3,18000,1,1
"347",1.29,40,33.3,4,2.5,1,3,18000,1,1
"348",4.22,63,225,3,2.2,2,3,18000,1,1
"349",4.22,63,1240,3,2.2,4,3,18000,1,1
"350",2.06,40,28.4,4,0.5,2,3,18000,1,1
"351",4.8,71,0.48,1,1.5,3,3,18000,1,1
"352",4.22,63,148,3,2.2,2,3,18000,1,1
"354",3.62,66,86.2,4,1.9,4,3,18000,1,1
"356",0,39,8.32,2,1.6,2,3,18000,0,0
"357",6.08,59,49.3,4,2.2,2,3,18000,1,1
"358",4.22,63,51,3,2.2,2,3,18000,1,1
"360",0.14,34,12,2,-0.6,2,3,18000,0,0
"362",4.22,63,107,3,2.2,2,3,18000,1,1
"363",2.17,54,51,3,1.5,4,3,18000,1,1
"364",3.57,71,409,3,1.9,4,3,18000,1,1
"365",4.8,71,94.7,3,1.5,4,3,18000,1,1
"366",4.22,63,654,3,2.2,2,3,18000,1,1
"367",3.62,66,670,4,1.9,4,3,18000,1,1
"368",2.46,71,50.2,3,-0.4,4,3,18000,1,1
"369",4.22,63,1230,3,2.2,4,3,18000,1,1
"370",2.9,66,72.7,4,-0.5,1,3,18000,1,1
"371",4.91,66,98.4,4,1.5,4,3,18000,1,1
"372",2.46,70,62.4,4,-0.4,4,3,18000,1,1
"373",0.55,65,0.44,1,1.2,2,3,18000,0,0
"374",4.91,69,33.3,4,1.5,4,3,18000,1,1
"376",0,39,13.6,2,1.6,4,3,18000,0,0
"377",6.08,59,58.5,4,2.2,1,3,18000,1,1
"378",0.14,34,11.2,2,-0.6,2,3,18000,0,0
"379",3.62,66,266,4,1.9,4,3,18000,1,1
"380",0.42,37,10.3,2,2.1,3,3,18000,0,0
"381",6.08,59,81.6,4,2.2,1,3,18000,1,1
"382",1.29,40,193,4,2.5,4,3,18000,1,1
"383",0,39,13.1,2,1.6,1,3,18000,0,0
"384",1.29,40,26.6,4,2.5,2,3,18000,1,1
"387",5.73,66,97.2,4,1.5,4,3,18000,1,1
"388",1,51,9.87,2,0.5,1,3,18000,0,0
"389",6.4,63,215,4,2.2,3,3,18000,1,1
"390",0.14,34,13.6,2,-0.6,4,3,18000,1,0
"391",5.73,66,211,3,1.5,4,3,18000,1,1
"392",0,46,1.64,1,0.4,1,3,18000,0,0
"393",0,39,13.6,2,1.6,1,3,18000,0,0
"394",3.57,71,79.3,3,1.9,4,3,18000,1,1
"395",0.29,47,14,2,2.5,2,3,18000,0,0
"396",5.73,66,35.5,4,1.5,1,3,18000,1,1
"397",0.42,38,7.61,2,1.6,3,3,18000,0,0
"398",0.14,34,11.2,2,-0.6,1,3,18000,0,0
"399",6.4,63,328,4,2.2,2,3,18000,1,1
"400",2.17,54,28.5,3,1.5,4,3,18000,1,1
"401",3.4,65,0.53,1,1.5,2,3,18000,1,1
"402",4.91,66,74.9,3,1.5,4,3,18000,1,1
"403",2.46,71,116,3,-0.4,4,3,18000,1,1
"404",0.14,34,13.6,2,-0.6,4,3,18000,1,0
"405",0.14,46,9.84,2,-0.6,4,3,18000,0,0
"407",4.91,69,76,4,1.5,4,3,18000,1,1
"408",3.62,66,140,4,1.9,4,3,18000,1,1
"409",6.08,59,120,4,2.2,4,3,18000,1,1
"410",2.46,71,124,3,-0.4,4,3,18000,1,1
"411",6.4,63,955,3,2.2,1,3,18000,1,1
"413",6.4,63,154,4,2.2,4,3,18000,1,1
"414",0.14,46,8.05,2,-0.6,4,3,18000,0,0
"415",6.4,63,765,4,2.2,2,3,18000,1,1
"418",4.22,63,1230,4,2.2,4,3,18000,1,1
"420",1.29,40,48.4,4,2.5,1,3,18000,1,1
"421",5.73,66,350,3,1.5,4,3,18000,1,1
"423",3.26,66,4.43,2,1.5,2,3,18000,1,1
"426",3.62,66,22.9,4,1.9,1,3,18000,1,1
"431",4.22,63,725,3,2.2,3,3,18000,1,1
"432",2.17,54,27.2,4,1.5,4,3,18000,1,1
"435",0.14,46,12,2,-0.6,4,3,18000,0,0
"437",0.14,34,13.6,2,-0.6,4,3,18000,0,0
"439",0.14,46,6.55,2,-0.6,3,3,18000,0,0
"440",4.22,63,310,3,2.2,2,3,18000,1,1
"441",1.84,70,1.41,1,-0.4,2,3,18000,1,1
"442",0.55,28,10.7,2,2.6,3,3,18000,0,0
"444",4.22,63,955,3,2.2,3,3,18000,1,1
"445",3.62,66,520,4,1.9,4,3,18000,1,1
"448",4.91,69,3.35,2,1.5,2,3,18000,1,1
"449",5.73,66,153,4,1.5,4,3,18000,1,1
"450",6.4,63,620,4,2.2,2,3,18000,1,1
"451",6.4,63,276,4,2.2,3,3,18000,1,1
"453",2.46,70,60.4,3,-0.4,4,3,18000,1,1
"455",0,39,10.3,2,1.6,2,3,18000,0,0
"456",4.22,63,106,4,2.2,2,3,18000,1,1
"457",2.17,54,21.8,3,1.5,4,3,18000,1,1
"459",2.9,66,42.5,4,-0.5,1,3,18000,1,1
"460",6.4,63,992,4,2.2,1,3,18000,1,1
"461",6.4,63,931,4,2.2,1,3,18000,1,1
"462",4.8,71,124,3,1.5,4,3,18000,1,1
"463",4.22,63,1240,4,2.2,4,3,18000,1,1
"464",0.14,34,12,2,-0.6,1,3,18000,0,0
"465",2.46,68,54.7,4,-0.4,4,3,18000,1,1
"466",0.29,47,19.4,4,2.5,4,3,18000,1,1
"468",4.22,63,116,3,2.2,2,3,18000,1,1
"469",3.62,66,699,4,1.9,4,3,18000,1,1
"470",2.46,68,55.6,3,-0.4,4,3,18000,1,1
"471",1.29,40,298,4,2.5,4,3,18000,1,1
"473",5.73,66,251,3,1.5,4,3,18000,1,1
"475",3.62,66,328,4,1.9,4,3,18000,1,1
"476",0,39,7.27,2,1.6,2,3,18000,0,0
"478",3.57,71,517,3,1.9,4,3,18000,1,1
"480",4.22,63,785,3,2.2,3,3,18000,1,1
"481",0.42,38,12.1,2,1.6,4,3,18000,0,0
"482",2.46,70,62.4,3,-0.4,4,3,18000,1,1
"483",6.4,63,1270,4,2.2,4,3,18000,1,1
"490",5.73,66,43.3,4,1.5,1,3,18000,1,1
"491",0.02,74,0.71,1,-0.1,1,3,18000,0,0
"493",2.46,71,1.11,1,-0.4,2,3,18000,1,1
"494",4.22,63,549,3,2.2,2,3,18000,1,1
"495",0.42,38,13.1,2,1.6,4,3,18000,0,0
"496",3.14,60,2.8,2,2.2,2,3,18000,0,0
"497",0.29,47,13.6,2,2.5,2,3,18000,0,0
"498",0.29,47,14.5,2,2.5,2,3,18000,0,0
"500",2.46,71,77.1,3,-0.4,4,3,18000,1,1
"501",4.91,66,101,3,1.5,4,3,18000,1,1
"502",0.14,34,7.02,2,-0.6,2,3,18000,0,0
"504",0.14,34,8.61,2,-0.6,2,3,18000,0,0
"505",2.46,68,59.4,4,-0.4,4,3,18000,1,1
"506",4.8,71,124,3,1.5,4,3,18000,1,1
"507",0.14,46,12.7,2,-0.6,4,3,18000,0,0
"509",2.46,71,91,4,-0.4,4,3,18000,1,1
"510",0.29,47,14.5,2,2.5,3,3,18000,0,0
"511",2.9,66,120,4,-0.5,1,3,18000,1,1
"512",3.26,66,305,3,1.5,4,3,18000,1,1
"513",4.22,63,1200,3,2.2,4,3,18000,1,1
"514",3.26,66,375,4,1.5,4,3,18000,1,1
"517",2.46,71,114,4,-0.4,4,3,18000,1,1
"519",0,39,13.1,2,1.6,1,3,18000,0,0
"520",6.4,63,165,4,2.2,4,3,18000,1,1
"521",4.22,63,85.1,3,2.2,2,3,18000,1,1
"525",3.57,71,590,3,1.9,4,3,18000,1,1
"526",4.91,66,82.7,3,1.5,4,3,18000,1,1
"527",3.62,66,117,4,1.9,4,3,18000,1,1
"528",6.08,59,111,4,2.2,4,3,18000,1,1
"530",1.29,40,83.9,4,2.5,1,3,18000,1,1
"532",6.4,63,907,4,2.2,1,3,18000,1,1
"533",6.4,63,1010,3,2.2,1,3,18000,1,1
"534",0.14,34,13.6,2,-0.6,4,3,18000,1,0
"536",6.4,63,1270,3,2.2,4,3,18000,1,1
"537",0,39,9.88,2,1.6,2,3,18000,0,0
"538",6.4,63,140,4,2.2,4,3,18000,1,1
"539",4.22,63,1230,4,2.2,4,3,18000,1,1
"541",5.73,66,355,3,1.5,4,3,18000,1,1
"542",5.73,66,74.9,4,1.5,1,3,18000,1,1
"543",4.91,66,102,4,1.5,4,3,18000,1,1
"545",2.6,70,0.3,1,-0.4,1,2,1700,1,1
"546",1.47,22,19.7,3,-0.3,1,2,1700,0,0
"547",0.29,22,15.5,4,2.6,1,2,1700,0,0
"548",0.2,65,0.71,1,-0.1,1,2,1700,1,0
"549",1.68,28,15.5,4,2.5,1,2,1700,0,0
"550",0.08,41,8.05,2,0.1,1,2,1700,0,0
"551",0.14,32,6.1,2,-0.6,2,3,1700,1,0
"552",0.4,42,1.24,1,0.3,1,2,1700,0,0
"553",4.57,54,8.05,2,-0.6,1,2,1700,1,0
"555",1.78,52,15.5,4,2.4,1,2,1700,0,0
"556",0.09,30,9.21,2,-0.7,1,2,1700,0,0
"559",0.5,28,9.88,2,1.6,1,2,1700,0,0
"560",0.2,52,1.76,1,0.2,1,2,1700,0,0
"562",4.22,63,496,3,2.2,2,3,3000,1,1
"568",6.4,63,844,4,2.2,1,3,6600,1,1
"570",0.55,65,0.52,1,1.2,2,3,8900,1,1
"571",4.79,71,2.31,2,1.5,2,3,8900,1,1
"572",4.8,71,0.65,1,1.5,4,3,8900,1,1
"573",0.42,37,11.6,2,2.1,2,3,8900,0,0
"574",0.14,46,7.02,2,-0.6,3,3,8900,1,0
"575",1.84,67,0.65,1,-0.4,4,3,8900,1,1
"576",4.91,66,0.65,1,1.5,4,3,8900,1,1
"578",0.55,65,0.57,1,1.2,2,3,8900,1,1
"580",2.46,70,0.38,1,-0.4,4,3,8900,1,1
"581",0.55,65,0.61,1,1.2,2,3,8900,1,1
"582",1.84,67,0.65,1,-0.4,4,3,8900,1,1
"584",0.29,47,13.6,2,2.5,2,3,8900,0,0
"585",0.55,65,0.66,1,1.2,1,3,8900,1,1
"586",0.14,32,5.68,2,-0.6,2,3,8900,0,0
"587",0.42,38,8.32,2,1.6,2,3,8900,1,0
"588",0.55,65,0.61,1,1.2,2,3,8900,1,1
"589",0.55,65,0.61,1,1.2,2,3,8900,1,1
"590",0.55,65,0.52,1,1.2,2,3,8900,1,1
"591",4.22,63,225,3,2.2,2,3,8900,1,1
"592",6.4,63,476,4,2.2,2,3,8900,1,1
"594",4.22,63,594,3,2.2,2,3,119000,1,1
"595",6.4,63,639,4,2.2,2,3,119000,1,1
"596",1.12,40,13.4,2,0.8,1,1,13200,1,1
"597",0,47,0.36,1,0.3,1,1,13200,0,0
"598",2.8,69,1.11,1,-0.4,1,1,13200,1,1
"599",0.14,34,12,2,-0.6,1,3,13200,0,0
"600",0.11,32,5.99,2,-0.7,2,1,13200,0,0
"601",2.56,55,3.04,2,-0.8,1,2,13200,0,0
"602",0.01,49,2.12,1,1.4,2,1,13200,0,0
"603",0.49,34,11,2,0.5,1,2,13200,0,0
"604",2.93,67,2.6,2,-0.3,1,2,13200,1,1
"605",2.74,47,14.3,2,-1.6,1,1,13200,1,0
"606",2.5,64,61.8,4,-0.4,1,1,13200,1,1
"607",1.58,45,14.3,2,-1.6,2,1,13200,1,1
"608",1.32,45,13.6,2,2.5,2,1,13200,1,1
"609",0.59,24,15.7,4,-1.4,1,2,13200,0,0
"610",0.66,50,9.77,2,-1.6,2,1,13200,0,0
"611",2.35,50,0.31,1,-1,2,1,13200,0,0
"612",1.58,43,18.2,4,-1.6,1,2,13200,0,0
"613",0,32,10.9,2,-1.6,2,1,13200,0,0
"615",3.11,62,9.3,2,0.2,2,1,13200,1,1
"616",0.42,42,9.47,2,2.1,2,1,13200,0,0
"617",0.17,49,6.31,2,1,1,1,13200,0,0
"618",0.14,34,12.7,2,-0.6,4,3,13200,0,0
"619",1.67,46,8.69,2,2.4,2,1,13200,0,0
"620",1,37,11.8,2,0.5,2,3,13200,0,0
"621",0.62,43,10.5,2,0.8,1,1,13200,0,0
"622",3,72,9.7,2,0.5,1,1,13200,1,1
"624",0,29,3.31,2,0.6,2,1,13200,0,0
"625",0.5,35,4.92,2,1.6,2,1,13200,0,0
"626",0.27,42,8.07,2,-0.9,3,1,13200,0,0
"627",0.07,41,13.4,2,-1.6,1,1,13200,0,0
"628",0,52,0.31,1,-0.7,2,1,13200,0,0
"629",0.14,22,7.52,2,-0.7,2,1,13200,0,0
"630",0.29,47,14.5,2,2.5,3,3,13200,1,0
"631",0.37,34,3.85,2,-0.6,3,1,13200,1,1
"632",4.67,69,17.2,4,-1.3,1,1,13200,1,1
"635",1,37,11.8,2,0.5,4,3,13200,0,0
"636",0.16,38,5.58,2,1,1,2,13200,0,0
"637",0.87,39,7.45,2,1.5,1,1,13200,1,1
"638",3.46,61,10.9,2,0.7,1,1,13200,1,1
"639",2.5,66,6.36,2,0.7,1,1,13200,1,0
"640",0,43,3.35,2,0.9,3,1,13200,0,0
"641",4.18,66,1.58,1,-0.4,1,1,13200,0,0
"642",2.39,53,5.85,2,0.5,1,1,13200,0,0
"643",4.9,68,8.33,2,0.5,1,2,13200,1,0
"645",0.42,39,9.21,2,-0.2,2,1,13200,0,0
"646",0.55,36,3.02,2,-0.5,2,1,13200,0,0
"647",0.5,35,5.45,2,1.6,3,1,13200,0,0
"649",2.9,66,42.5,4,-0.5,1,3,13200,1,1
"650",0.65,66,3.9,2,-0.8,1,1,13200,1,1
"651",1.29,40,298,4,2.5,4,3,13200,1,1
"652",5.98,59,27.9,4,2.2,1,2,13200,1,1
"654",0,57,1.11,1,-0.5,2,1,13200,0,0
"655",0.69,43,5.49,2,0.7,2,1,13200,0,0
"656",0.33,42,5.03,2,0.7,1,3,13200,0,0
"657",0.14,34,12,2,-0.6,1,3,13200,0,0
"658",6.4,63,436,4,2.2,2,3,13200,1,1
"659",1.29,40,193,4,2.5,4,3,13200,1,1
"660",0.42,38,7.61,2,1.6,2,3,13200,0,0
"661",2.68,56,3.51,2,0.4,1,2,13200,1,0
"662",2.56,58,2.57,2,-0.8,1,1,13200,1,0
"663",1,40,6.48,2,0.5,3,3,13200,0,0
"664",0.35,36,4.84,2,-0.6,3,1,13200,1,1
"665",2.51,33,48.8,4,-1,3,1,13200,1,1
"666",0.04,42,11.3,2,-0.9,1,2,13200,0,0
"667",2.3,49,5.12,2,-1.6,1,1,13200,1,1
"668",1.61,38,1.98,1,-0.2,2,1,13200,1,0
"669",0.14,34,12,2,-0.6,1,3,13200,0,0
"670",0.14,34,13.6,2,-0.6,4,3,13200,0,0
"671",1,37,12.2,2,0.5,1,3,13200,0,0
"672",2.96,63,0.78,1,-0.5,1,1,13200,1,0
"674",2.1,18,11.6,2,2.1,3,1,13200,1,0
"675",0.22,42,0.72,1,0.1,2,1,13200,0,0
"676",1.86,68,12.9,2,0.2,2,1,13200,1,1
"677",1.96,25,10.3,2,2.6,2,1,13200,0,0
"678",1,37,11.4,2,0.5,2,3,13200,0,0
"679",0.29,47,13.6,2,2.5,2,3,13200,0,0
"680",1,37,13.9,2,0.5,1,3,13200,0,0
"681",0.55,65,0.44,1,1.2,2,3,13200,1,1
"682",4.04,50,9.88,2,2.4,2,1,13200,1,1
"683",3.23,68,41.3,4,-1,1,2,13200,1,1
"684",3,71,0,1,-0.3,1,1,13200,1,0
"685",1,37,13.9,2,0.5,1,3,13200,0,0
"686",0.42,37,10.7,2,2.1,2,1,13200,0,0
"687",1.2,56,3.54,2,-1.6,2,1,13200,0,0
"689",0.14,46,9.84,2,-0.6,4,3,13200,1,0
"690",1.75,24,13.6,2,2.5,2,1,13200,1,0
"691",0.58,46,1.61,1,-1,2,1,13200,0,0
"692",2.06,37,14.8,4,0.5,2,3,13200,1,1
"694",2.9,66,5.73,2,-0.5,4,3,13200,1,1
"695",3.45,65,48.1,4,0.1,1,1,13200,1,1
"696",0.55,20,3.72,2,-1,2,1,13200,0,0
"697",0.83,26,3.51,2,-0.4,2,2,13200,0,0
"698",4.41,35,8.39,2,1.2,2,1,13200,1,0
"699",0.22,37,1.33,1,0.1,1,2,13200,0,0
"700",4.91,66,0.65,1,1.5,4,3,13200,1,1
"702",0.95,51,0.83,1,-0.3,2,1,13200,1,0
"703",2.98,69,0.15,1,-0.4,2,1,13200,1,1
"704",0,46,1.58,1,-0.3,1,2,13200,1,0
"705",1,40,7.02,2,0.5,2,3,13200,0,0
"706",0.42,38,12.1,2,1.6,4,3,13200,0,0
"707",0,43,0.93,1,-1.1,1,1,13200,0,0
"708",0,26,7.16,2,-1.2,2,1,13200,0,0
"709",2.68,57,2.28,2,0.4,2,1,13200,0,0
"710",4.79,71,1.89,1,1.5,2,3,13200,1,1
"711",0.04,59,8.72,2,0.4,1,1,13200,0,0
"712",2.09,69,0,1,-0.3,2,1,13200,0,0
"713",0,54,1.86,1,-0.4,2,1,13200,0,0
"715",0.25,30,8.61,2,0.1,2,1,13200,0,0
"717",0.14,34,11.2,2,-0.6,1,3,13200,0,0
"718",0.04,35,7.76,2,-1.6,2,1,13200,0,0
"720",0.14,34,12,2,-0.6,1,3,13200,0,0
"721",4.8,71,0.65,1,1.5,4,3,13200,1,1
"722",0.33,42,5.03,2,0.7,1,3,13200,0,0
"723",0.13,44,7.16,2,-0.7,1,2,13200,0,0
"724",3.35,59,0,1,-0.3,2,1,13200,0,0
"725",0.25,42,1.58,1,-0.5,1,2,13200,0,0
"726",2.7,56,3.37,2,-0.8,1,1,13200,1,1
"727",3.79,32,14.7,4,1.5,1,2,13200,1,1
"728",0.41,9,5.72,2,0.6,1,2,13200,1,1
"729",1.56,59,0.52,1,-0.5,1,1,13200,1,1
"730",3.48,63,12.6,2,0.1,1,2,13200,1,1
"731",2.46,71,2.16,2,-0.4,2,3,13200,1,1
"732",0.05,45,1.35,1,-0.7,3,1,13200,1,0
"733",0.55,47,4.81,2,0.7,2,1,13200,0,0
"735",0,21,0.3,1,0,1,2,13200,0,0
"736",1.29,40,33.3,4,2.5,1,3,13200,1,1
"737",1.1,42,1.5,1,-1,1,1,13200,0,0
"738",0.57,42,1.02,1,-1.1,3,1,13200,1,1
"739",1.05,31,13.6,2,-0.2,2,1,13200,0,0
"740",0.08,41,8.61,2,0.1,1,2,13200,0,0
"741",0.31,35,4.24,2,0.1,2,1,13200,0,0
"742",0.55,65,0.44,1,1.2,2,3,13200,1,1
"743",2.23,67,20,4,0.2,1,1,13200,1,1
"744",3.67,53,8.32,2,2.4,2,1,13200,0,0
"746",0.14,32,5.29,2,-0.6,2,3,13200,0,0
"747",2.93,44,2.46,2,-0.7,2,1,13200,0,0
"748",0,32,0.3,1,-0.4,1,1,13200,0,0
"749",0.5,73,0.25,1,1.2,1,1,13200,1,0
"750",0.16,47,2.13,2,-0.4,2,1,13200,0,0
"751",4.3,65,21.6,4,0.1,1,1,13200,1,1
"752",0.2,31,4.9,2,1.5,1,1,13200,0,0
"753",1.27,33,5.02,2,-0.3,2,1,13200,0,0
"754",0,52,1.46,1,-0.5,1,2,13200,1,0
"755",0.14,46,8.05,2,-0.6,2,3,13200,0,0
"756",0,39,10.3,2,1.6,2,3,13200,0,0
"757",5.29,61,9.88,2,2.4,2,3,13200,1,1
"758",0.29,49,0.49,1,0.3,1,1,13200,1,0
"759",2.06,40,27.8,4,0.5,2,3,13200,1,1
"760",5.01,68,0.93,1,0,1,2,13200,1,1
"761",0,39,7.27,2,1.6,2,1,13200,0,0
"762",2.51,35,10.1,2,-1,1,1,13200,1,0
"763",4.61,68,5.06,2,0.5,2,1,13200,1,1
"764",0,44,1.21,1,0.4,2,1,13200,0,0
"765",4.8,71,0.65,1,1.5,4,3,13200,1,1
"768",0.14,46,6.55,2,-0.6,3,3,13200,1,0
"769",1.78,52,15.5,4,2.4,1,2,13200,0,0
"770",0.69,31,6.93,2,-0.4,1,1,13200,1,1
"772",0.42,31,8.32,2,2.1,3,1,13200,0,0
"773",0,59,0.23,1,-0.7,1,1,13200,1,0
"774",0.5,39,7.61,2,1.6,3,1,13200,0,0
"775",2.41,67,16.2,4,0.6,1,1,13200,1,1
"776",1.06,52,116,3,0.5,2,3,13200,1,1
"777",3.54,62,22.9,4,0.2,1,2,13200,1,1
"778",0.23,33,5.82,2,1.5,1,1,13200,0,0
"779",0.83,23,8.86,2,-0.4,1,1,13200,0,0
"780",0.76,34,12.5,2,-1.4,1,1,13200,0,0
"781",2.14,35,9.21,2,-0.3,2,1,13200,0,0
"782",0.69,51,7.45,2,1,1,1,13200,1,1
"783",4.1,65,12.4,2,0.5,1,1,13200,1,1
"784",3.54,63,23.4,4,0.2,2,1,13200,1,1
"785",2.64,63,11.3,2,-1.6,1,1,13200,1,1
"786",1.81,36,12.2,2,0.5,1,1,13200,0,0
"787",2.96,63,1.61,1,-0.5,1,2,13200,1,1
"788",0.2,48,5.58,2,1.5,1,1,13200,0,0
"789",3.48,63,14.9,4,-0.3,2,1,13200,1,1
"790",1,37,10.6,2,0.5,2,3,13200,0,0
"791",0.55,65,0.44,1,1.2,2,3,13200,1,1
"792",0,39,13.6,2,1.6,1,3,13200,0,0
"793",0.39,38,2.02,1,0.9,2,1,13200,0,0
"794",1,40,8.52,2,0.5,4,3,13200,0,0
"795",2.49,67,56,4,0.4,1,1,13200,1,1
"796",2.12,59,40.4,4,-1.6,2,1,13200,1,1
"797",1.68,26,10.7,2,2.5,2,1,13200,0,0
"798",1.68,28,11.6,2,2.5,3,1,13200,0,0
"799",2.16,32,10.5,2,-0.3,2,1,13200,1,1
"800",0.48,44,9.77,2,-1.6,2,1,13200,0,0
"801",0.55,28,11.2,2,2.6,2,3,13200,1,0
"802",0.55,28,16,4,2.6,1,2,13200,0,0
"803",0.14,46,8.61,2,-0.6,2,3,13200,0,0
"804",0.42,46,4.56,2,-0.3,1,2,13200,0,0
"806",0.27,33,13.4,2,-0.9,1,1,13200,0,0
"807",0.39,41,3.35,2,0.9,2,1,13200,0,0
"808",0.29,47,18.1,4,2.5,4,3,13200,1,0
"809",0,39,13.1,2,1.6,1,3,13200,0,0
"810",0.5,30,6.94,2,1.6,3,1,13200,0,0
"811",0.37,27,7.31,2,-0.7,1,2,13200,0,0
"813",0.14,46,9.21,2,-0.6,2,3,13200,0,0
"814",0.31,36,7.45,2,-0.9,2,1,13200,0,0
"815",0.01,46,2.57,2,-1,1,1,13200,0,0
"817",0.14,34,12.7,2,-0.6,1,3,13200,0,0
"818",3.86,35,7.76,2,1.2,1,1,13200,0,0
"819",0.15,46,6.22,2,0.6,1,1,13200,0,0
"820",0.55,27,11.6,2,2.6,2,1,13200,0,0
"821",1.84,67,0.48,1,-0.4,2,1,13200,0,0
"822",0.02,65,0.48,1,-0.1,2,1,13200,1,1
"823",1.82,69,0.43,1,-0.4,2,1,13200,0,0
"824",2.14,35,9.84,2,-0.3,2,1,13200,1,0
"825",1.47,22,20.5,4,-0.3,1,2,13200,0,0
"826",0.25,43,5.29,2,0.1,2,1,13200,0,0
"827",0.14,46,8.61,2,-0.6,2,3,13200,0,0
"828",4.82,60,0.21,1,-0.3,2,1,13200,1,1
"829",0.42,38,13.1,2,1.6,4,3,13200,0,0
"830",1,37,13.9,2,0.5,1,3,13200,0,0
"831",0.74,58,13.8,2,0.4,1,2,13200,1,0
"832",0.14,34,13.6,2,-0.6,4,3,13200,0,0
"833",0,45,0.13,1,0.3,1,1,13200,0,0
"834",0.14,34,13.6,2,-0.6,4,3,13200,0,0
"835",0.57,45,2.12,1,-1.1,1,1,13200,0,0
"836",3.7,70,28.9,3,0.2,1,1,13200,1,1
"837",0.95,53,0.6,1,-0.3,2,1,13200,0,0
"838",0.55,48,3.42,2,-0.5,1,1,13200,0,0
"839",0,46,1.86,1,-0.6,1,2,13200,0,0
"840",1.3,42,5.97,2,0.7,2,1,13200,1,1
"841",0.14,46,7.52,2,-0.6,2,1,13200,0,0
"842",0.14,46,10.5,2,-0.6,2,3,13200,0,0
"843",0.25,35,6.55,2,0.1,2,1,13200,0,0
"844",0.33,42,5.03,2,0.7,1,3,13200,0,0
"845",0,43,0.07,1,0.3,1,2,13200,0,0
"846",0.14,46,6.1,2,-0.6,3,3,13200,0,0
"848",1.83,62,2.57,2,-0.8,1,1,13200,1,1
"849",0.55,65,0.44,1,1.2,2,3,13200,1,1
"850",2.15,72,3.04,2,-0.6,1,1,13200,1,0
"851",0.29,47,19.4,4,2.5,4,3,13200,1,0
"852",0.14,34,11.2,2,-0.6,1,3,13200,0,0
"853",4.41,34,16.7,4,1.2,1,1,13200,1,1
"854",2.46,70,0.38,1,-0.4,4,3,13200,1,1
"856",0.58,35,2.73,2,-1.1,1,2,13200,1,0
"857",0.37,33,7.31,2,-0.7,2,1,13200,0,0
"858",0.14,46,9.21,2,-0.6,2,3,13200,0,0
"859",0.14,34,11.2,2,-0.6,2,3,13200,0,0
"860",0.55,36,13.6,2,2.6,2,1,13200,0,0
"861",0.29,22,16,3,2.6,1,2,13200,0,0
"862",2.66,63,1.58,1,-0.3,2,1,13200,1,1
"863",0,39,13.6,2,1.6,4,3,13200,0,0
"864",0.14,36,6.55,2,-0.6,2,1,13200,0,0
"866",0.14,46,7.02,2,-0.6,2,3,13200,0,0
"867",0.83,26,14.3,2,-1.4,1,1,13200,0,0
"868",1,37,13.5,2,0.5,1,3,13200,1,0
"869",0.14,46,6.1,2,-0.6,3,3,13200,0,0
"870",4.22,63,828,3,2.2,3,3,13200,1,1
"871",2.54,42,11,2,0.5,2,1,13200,1,1
"872",5.09,67,118,4,-1.3,1,2,13200,1,1
"874",0,39,13.1,2,1.6,4,3,13200,0,0
"875",0.53,34,6.42,2,-0.4,1,1,13200,0,0
"876",4.16,45,10.7,2,2.4,2,1,13200,1,1
"878",1,40,6.48,2,0.5,2,3,13200,0,0
"879",0,41,2.66,2,-0.7,2,1,13200,0,0
"883",2.9,66,3.35,2,-0.5,4,3,13200,1,1
"884",0,46,1.3,1,0.4,2,1,13200,0,0
"885",0.39,49,1.64,1,0.4,2,1,13200,0,0
"886",0.55,45,6.96,2,-0.6,2,1,13200,0,0
"887",0.29,47,14,2,2.5,2,3,13200,0,0
"888",2.01,50,14.5,2,2.6,1,1,13200,0,0
"889",1.68,28,16,4,2.5,1,2,13200,0,0
"890",0.37,38,7.66,2,-0.6,2,1,13200,0,0
"891",4.81,61,4.82,2,0.1,1,1,13200,1,1
"892",0,39,13.1,2,1.6,1,3,13200,0,0
"894",1.65,20,17.9,4,-0.3,2,1,13200,1,0
"895",2.9,66,3.76,2,-0.5,4,3,13200,1,1
"896",4.43,64,0.13,1,-0.4,1,1,13200,1,1
"897",0.5,28,9.88,2,1.6,1,2,13200,0,0
"898",0.83,23,13.8,2,-1.4,1,1,13200,1,0
"899",0.29,47,13.1,2,2.5,2,3,13200,0,0
"900",2.9,66,2.98,2,-0.5,3,3,13200,1,1
"901",0.14,46,11.2,2,-0.6,4,3,13200,1,0
"902",0.42,38,7.61,2,1.6,2,3,13200,0,0
"903",4.1,70,2.73,2,-0.6,2,1,13200,1,1
"905",4.57,63,3.64,2,-0.6,2,1,13200,0,0
"907",0.42,33,13.6,2,2.1,1,2,13200,0,0
"908",6.01,64,14.7,4,-1.3,1,1,13200,1,1
"910",0.42,38,8.69,2,1.6,2,3,13200,0,0
"911",0.28,69,0.71,1,-0.1,2,1,13200,1,1
"912",0.42,38,7.61,2,1.6,3,3,13200,0,0
"914",2.46,68,0.38,1,-0.4,2,1,13200,1,1
"915",5.01,66,2.57,2,0,1,1,13200,1,1
"916",0.01,38,1.29,1,-1,1,2,13200,0,0
"917",0,47,2.88,2,-0.7,2,1,13200,0,0
"918",0.09,30,9.21,2,-0.7,1,2,13200,0,0
"919",0.11,32,7.31,2,-0.7,2,1,13200,0,0
"920",0.33,20,4.2,2,0.7,2,1,13200,0,0
"921",1.05,36,11.2,2,-0.2,2,1,13200,0,0
"922",0.22,43,0.64,1,0.1,1,1,13200,0,0
"923",1.29,40,26.6,4,2.5,2,3,13200,1,1
"924",0,44,4.24,2,0.1,2,1,13200,1,1
"925",0.42,37,11.2,2,2.1,2,3,13200,0,0
"926",2.46,70,0.38,1,-0.4,4,3,13200,1,1
"928",4.62,57,4.24,2,-0.6,2,1,13200,1,0
"929",0.56,14,5.47,2,-0.4,1,2,13200,1,1
"931",0,47,0.49,1,-0.4,1,1,13200,1,1
"932",0.14,46,7.52,2,-0.6,4,3,13200,1,0
"933",2.9,66,4.43,2,-0.5,4,3,13200,1,1
"934",0.14,46,12.7,2,-0.6,4,3,13200,0,0
"935",0,46,1.86,1,-0.6,2,1,13200,0,0
"937",1,40,7.9,2,0.5,3,3,13200,0,0
"938",0.55,28,11.2,2,2.6,2,3,13200,0,0
"941",1.92,52,1.33,1,0.3,2,1,13200,0,0
"942",4.26,69,0.31,1,-0.6,2,1,13200,1,1
"943",1.29,40,48.4,4,2.5,1,3,13200,1,1
"946",2.5,64,61.8,4,-0.4,1,1,13200,1,1
"947",0.39,44,2.31,2,0.9,1,2,13200,0,0
"948",0.05,44,1.92,1,-0.7,2,1,13200,0,0
"951",2.51,35,10.1,2,-1,1,1,14200,1,0
"952",2.12,59,45.9,4,-1.6,2,1,14200,1,1
"953",0.37,27,5.39,2,-0.7,2,1,14200,0,0
"955",1.38,64,43.3,4,0.5,1,1,14200,1,1
"956",0.2,48,5.82,2,1.5,1,1,14200,0,0
"957",0.57,31,2.41,2,-1.1,1,1,14200,0,0
"958",1.2,56,3.72,2,-1.6,2,1,14200,1,1
"959",2.45,63,2.12,1,-1,1,1,14200,0,0
"960",1.12,42,4.9,2,1.5,1,1,14200,1,1
"961",0.83,26,15.7,4,-1.4,1,1,14200,0,0
"963",6.01,64,14.7,4,-1.3,1,1,14200,1,1
"964",0,32,0.3,1,-0.4,1,1,14200,0,0
"965",0.13,47,3.72,2,-0.7,3,1,14200,0,0
"966",0.55,48,3.02,2,-0.5,1,1,14200,1,0
"968",0.95,51,0.6,1,-0.3,2,1,14200,0,0
"969",0,41,2.88,2,-0.2,1,1,14200,0,0
"970",0,32,12.9,2,-1.6,1,1,14200,0,0
"971",0.01,48,4.48,2,1.4,2,1,14200,0,0
"972",0.66,50,9.06,2,-1.6,2,1,14200,0,0
"973",4.1,65,12.4,2,0.5,1,1,14200,1,1
"977",0.22,43,0.64,1,0.1,1,1,14200,0,0
"978",2.3,49,5.12,2,-1.6,1,1,14200,1,1
"979",4.08,68,3.37,2,-0.6,2,1,14200,1,1
"980",2.74,47,14.7,3,-1.6,1,1,14200,1,1
"983",2.56,58,2.88,2,-0.8,1,1,14200,1,0
"986",0.07,41,14.7,3,-1.6,1,1,14200,0,0
"989",0.37,34,3.85,2,-0.6,2,1,14200,0,0
"990",4.06,46,10.1,2,1.2,1,1,14200,0,0
"991",0.37,38,7.66,2,-0.6,2,1,14200,0,0
"992",3.3,70,34.6,4,-1,1,1,14200,1,1
"993",1.58,45,15.2,4,-1.6,1,1,14200,0,0
"996",0,43,1.29,1,-1.1,1,1,14200,0,0
"997",2.7,56,3.54,2,-0.8,1,1,14200,1,1
"999",2.96,63,1.39,1,-0.5,1,1,14200,0,0
"1000",4.82,67,8.77,2,0.5,1,1,14200,1,1
"1001",0.83,23,12.5,2,-1.4,1,1,14200,1,0
"1004",0.11,32,7.31,2,-0.7,1,1,14200,0,0
"1006",3.23,68,31.5,4,-1,1,1,14200,1,1
"1007",2.64,63,9.06,2,-1.6,2,1,14200,1,1
"1008",0,59,0.27,1,-0.7,1,1,14200,1,0
"1009",0.7,40,9.77,2,-0.2,1,1,14200,0,0
"1010",0,57,1.22,1,-0.5,2,1,14200,0,0
"1011",1.1,42,1.39,1,-1,1,1,14200,0,0
"1012",0.16,43,4.48,2,1,1,1,14200,0,0
"1013",0.04,35,10.1,2,-1.6,2,1,14200,0,0
"1015",0.11,30,5.99,2,-0.7,2,1,14200,0,0
"1016",0.76,34,14.3,2,-1.4,1,1,14200,0,0
"1017",2.86,70,1.61,1,-0.6,2,1,14200,1,1
"1018",0.27,33,14.7,3,-0.9,1,1,14200,0,0
"1019",4.67,67,11.3,2,-1.3,2,1,14200,1,1
"1020",4.61,69,10.2,2,0.5,1,1,14200,1,1
"1021",0.95,53,0.6,1,-0.3,1,1,14200,0,0
"1022",4.01,67,3.72,2,-0.6,1,1,14200,1,1
"1023",0,52,0.58,1,-0.7,1,1,14200,0,0
"1025",2.86,70,2.57,2,-0.6,2,1,14200,1,1
"1026",1.93,57,6.58,2,0.7,1,1,14200,1,1
"1028",0.55,36,3.21,2,-0.5,2,1,14200,0,0
"1030",0.03,35,5.82,2,1.6,2,1,14200,0,0
"1031",1.12,36,9.77,2,0.8,2,1,14200,1,0
"1032",1.56,59,0.58,1,-0.5,1,1,14200,1,1
"1034",0.48,44,10.9,2,-1.6,2,1,14200,0,0
"1035",3.46,61,10.1,2,0.7,1,1,14200,1,1
"1036",1.95,58,8.07,2,-1.6,1,1,14200,0,0
"1037",0.55,45,9.22,2,-0.6,1,1,14200,0,0
"1038",0.16,49,2.73,2,1,2,1,14200,0,0
"1039",2.82,62,4.09,2,0.7,2,1,14200,0,0
"1040",0,39,1.86,1,1.6,2,1,14200,0,0
"1041",0.04,42,9.77,2,-0.9,2,1,14200,0,0
"1042",0.27,42,8.39,2,-0.9,2,1,14200,0,0
"1043",1.12,36,10.5,2,0.8,1,1,15000,1,0
"1044",3.23,68,30,4,-1,1,1,15000,1,1
"1045",0.03,35,5.82,2,1.6,2,1,15000,0,0
"1046",0.27,42,8.39,2,-0.9,2,1,15000,0,0
"1047",0.04,35,9.77,2,-1.6,2,1,15000,0,0
"1048",2.45,63,2.12,1,-1,1,1,15000,0,0
"1049",0.11,30,6.3,2,-0.7,2,1,15000,0,0
"1050",4.08,68,3.2,2,-0.6,2,1,15000,1,1
"1051",0.01,48,3.72,2,1.4,2,1,15000,0,0
"1053",0.37,27,5.11,2,-0.7,2,1,15000,0,0
"1055",0.83,26,16.2,3,-1.4,1,1,15000,0,0
"1056",0.55,48,3.21,2,-0.5,1,1,15000,0,0
"1057",0.37,34,3.85,2,-0.6,2,1,15000,0,0
"1058",0.2,48,5.82,2,1.5,1,1,15000,0,0
"1059",2.7,56,3.54,2,-0.8,1,1,15000,1,0
"1060",6.01,64,14.7,4,-1.3,1,1,15000,1,1
"1061",0,57,1.34,1,-0.5,1,1,15000,0,0
"1062",2.74,47,13.8,2,-1.6,1,1,15000,1,0
"1063",0.55,36,3.02,2,-0.5,2,1,15000,0,0
"1064",0.07,41,13.8,2,-1.6,1,1,15000,0,0
"1065",0,43,1.29,1,-1.1,1,1,15000,0,0
"1066",1.38,64,38.9,4,0.5,1,1,15000,1,1
"1067",0.7,40,10.1,2,-0.2,1,1,15000,0,0
"1070",0.95,53,0.6,1,-0.3,1,1,15000,0,0
"1071",2.96,63,1.29,1,-0.5,1,1,15000,1,0
"1072",0.13,47,3.72,2,-0.7,2,1,15000,0,0
"1073",0,59,0.23,1,-0.7,1,1,15000,1,0
"1074",0.48,44,10.1,2,-1.6,2,1,15000,0,0
"1075",0.23,33,3.72,2,1.5,2,1,15000,0,0
"1076",2.64,63,9.06,2,-1.6,2,1,15000,1,1
"1077",0.95,51,0.53,1,-0.3,2,1,15000,1,0
"1078",2.41,67,5.06,2,0.6,2,1,15000,1,1
"1079",2.51,35,9.64,2,-1,1,1,15000,1,0
"1080",1.93,57,6.06,2,0.7,2,1,15000,1,1
"1084",3.86,37,6.87,2,1.2,2,1,15000,0,0
"1085",4.01,67,2.88,2,-0.6,1,1,15000,1,1
"1086",0.66,50,9.06,2,-1.6,2,1,15000,0,0
"1088",2.3,49,5.12,2,-1.6,1,1,15000,1,1
"1090",0,41,2.88,2,-0.2,1,1,15000,0,0
"1091",2.56,58,2.88,2,-0.8,1,1,15000,1,0
"1092",1.2,56,3.72,2,-1.6,2,1,15000,0,0
"1093",1.76,60,6.36,2,0.6,1,1,15000,1,1
"1094",1.58,45,15.2,4,-1.6,1,1,15000,0,0
"1095",0.18,32,14.3,2,0.4,1,1,15000,0,0
"1096",0.27,33,13.8,2,-0.9,1,1,15000,0,0
"1097",0.83,23,12.9,2,-1.4,1,1,15000,1,0
"1098",0.37,38,6.96,2,-0.6,2,1,15000,0,0
"1099",0,32,0.3,1,-0.4,1,1,15000,0,0
"1100",1.12,42,4.69,2,1.5,1,1,15000,1,1
"1103",0.04,42,11.3,2,-0.9,1,1,15000,0,0
"1104",0.22,43,0.72,1,0.1,1,1,15000,0,0
"1105",0.57,31,2.41,2,-1.1,1,1,15000,1,0
"1107",1.1,42,1.5,1,-1,1,1,15000,0,0
"1109",0.11,32,7.31,2,-0.7,1,1,15000,0,0
"1110",0.55,45,8.42,2,-0.6,1,1,15000,0,0
"1111",0.76,34,14.7,4,-1.4,1,1,15000,0,0
"1112",2.12,59,51.8,3,-1.6,2,1,15000,1,1
"1114",0.14,46,6.55,2,-0.6,3,3,16600,0,0
"1116",2.46,71,1.64,1,-0.4,2,3,16600,1,1
"1118",0.14,32,4.92,2,-0.6,3,3,16600,0,0
"1119",2.56,55,3.04,2,-0.8,1,2,22000,1,1
"1120",0.74,58,13.8,2,0.4,1,2,22000,0,0
"1121",4.9,68,8.33,2,0.5,1,2,22000,1,1
"1122",2.21,69,15.2,4,0.2,1,1,22000,1,1
"1123",0.55,28,16,4,2.6,1,2,22000,0,0
"1126",0.13,44,6.87,2,-0.7,1,2,22000,1,0
"1127",0.16,38,5.58,2,1,1,2,22000,1,0
"1128",0,31,2.95,2,-0.4,1,2,22000,0,0
"1129",3.23,68,47.8,4,-1,1,2,22000,1,1
"1130",5.09,67,138,4,-1.3,1,2,22000,1,1
"1131",0.42,33,13.6,2,2.1,1,2,22000,0,0
"1132",0.04,42,11.7,2,-0.9,1,2,22000,0,0
"1135",0.37,27,7.31,2,-0.7,1,2,22000,1,0
"1136",0.42,46,4.56,2,-0.3,1,2,22000,0,0
"1137",2.44,32,11.4,2,0.5,1,2,22000,0,0
"1138",3.54,62,26.3,4,0.2,1,2,22000,1,1
"1139",0.55,40,6.96,2,-0.6,1,2,22000,0,0
